dHolidayDate,sHolidayName,__table,__deleted
19680,,tblHoliday,false
11661,,tblHoliday,false
11666,,tblHoliday,false
11687,,tblHoliday,false
11744,,tblHoliday,false
11792,,tblHoliday,false
11793,,tblHoliday,false
11808,,tblHoliday,false
11813,,tblHoliday,false
11893,,tblHoliday,false
11911,,tblHoliday,false
12026,,tblHoliday,false
12031,,tblHoliday,false
12100,,tblHoliday,false
12187,,tblHoliday,false
12391,,tblHoliday,false
12396,,tblHoliday,false
12418,,tblHoliday,false
12419,,tblHoliday,false
12482,,tblHoliday,false
12514,,tblHoliday,false
12523,,tblHoliday,false
12541,,tblHoliday,false
12543,,tblHoliday,false
12571,,tblHoliday,false
12600,,tblHoliday,false
12716,,tblHoliday,false
12758,,tblHoliday,false
12783,,tblHoliday,false
12886,,tblHoliday,false
12887,,tblHoliday,false
12908,,tblHoliday,false
12986,,tblHoliday,false
13007,,tblHoliday,false
13080,,tblHoliday,false
13122,,tblHoliday,false
13129,,tblHoliday,false
13192,,tblHoliday,false
13244,,tblHoliday,false
13257,,tblHoliday,false
13374,,tblHoliday,false
13444,,tblHoliday,false
13493,,tblHoliday,false
13515,,tblHoliday,false
13577,,tblHoliday,false
13609,,tblHoliday,false
13619,,tblHoliday,false
13664,,tblHoliday,false
13724,,tblHoliday,false
13738,,tblHoliday,false
13852,,tblHoliday,false
13857,,tblHoliday,false
13878,,tblHoliday,false
13930,,tblHoliday,false
13976,,tblHoliday,false
13983,,tblHoliday,false
13984,,tblHoliday,false
14004,,tblHoliday,false
14018,,tblHoliday,false
14061,,tblHoliday,false
14077,,tblHoliday,false
14103,,tblHoliday,false
14175,,tblHoliday,false
14223,,tblHoliday,false
14244,,tblHoliday,false
14245,,tblHoliday,false
14284,,tblHoliday,false
14340,,tblHoliday,false
14347,,tblHoliday,false
14348,,tblHoliday,false
14349,,tblHoliday,false
14365,,tblHoliday,false
14369,,tblHoliday,false
14372,,tblHoliday,false
14426,,tblHoliday,false
14431,,tblHoliday,false
14585,,tblHoliday,false
14610,,tblHoliday,false
14714,,tblHoliday,false
14732,,tblHoliday,false
14749,,tblHoliday,false
14750,,tblHoliday,false
14791,,tblHoliday,false
14953,,tblHoliday,false
14974,,tblHoliday,false
14977,,tblHoliday,false
15070,,tblHoliday,false
15079,,tblHoliday,false
15096,,tblHoliday,false
15110,,tblHoliday,false
15156,,tblHoliday,false
15170,,tblHoliday,false
15198,,tblHoliday,false
15271,,tblHoliday,false
15320,,tblHoliday,false
15342,,tblHoliday,false
15406,,tblHoliday,false
15436,,tblHoliday,false
15439,,tblHoliday,false
15443,,tblHoliday,false
15467,,tblHoliday,false
15554,,tblHoliday,false
15565,,tblHoliday,false
15636,,tblHoliday,false
15679,,tblHoliday,false
15684,,tblHoliday,false
15705,,tblHoliday,false
15706,,tblHoliday,false
15761,,tblHoliday,false
15826,,tblHoliday,false
15831,,tblHoliday,false
15929,,tblHoliday,false
16044,,tblHoliday,false
16049,,tblHoliday,false
16069,,tblHoliday,false
16071,,tblHoliday,false
16115,,tblHoliday,false
16167,,tblHoliday,false
16174,,tblHoliday,false
16191,,tblHoliday,false
16195,,tblHoliday,false
16293,,tblHoliday,false
16294,,tblHoliday,false
16409,,tblHoliday,false
16435,,tblHoliday,false
16437,,tblHoliday,false
16538,,tblHoliday,false
16539,,tblHoliday,false
16540,,tblHoliday,false
16617,,tblHoliday,false
16646,,tblHoliday,false
16659,,tblHoliday,false
16904,,tblHoliday,false
16906,,tblHoliday,false
16926,,tblHoliday,false
16983,,tblHoliday,false
17000,,tblHoliday,false
17210,,tblHoliday,false
17287,,tblHoliday,false
17357,,tblHoliday,false
17375,,tblHoliday,false
17452,,tblHoliday,false
17462,,tblHoliday,false
17505,,tblHoliday,false
17591,,tblHoliday,false
17680,,tblHoliday,false
17742,,tblHoliday,false
17756,,tblHoliday,false
17870,,tblHoliday,false
17897,,tblHoliday,false
17994,,tblHoliday,false
18017,,tblHoliday,false
18050,,tblHoliday,false
18093,,tblHoliday,false
18183,,tblHoliday,false
18192,,tblHoliday,false
18235,,tblHoliday,false
18261,,tblHoliday,false
18262,,tblHoliday,false
18358,,tblHoliday,false
18383,,tblHoliday,false
18388,,tblHoliday,false
18449,,tblHoliday,false
18470,,tblHoliday,false
18471,,tblHoliday,false
18486,,tblHoliday,false
18509,,tblHoliday,false
18512,,tblHoliday,false
18603,,tblHoliday,false
18627,,tblHoliday,false
18628,,tblHoliday,false
18723,,tblHoliday,false
18730,,tblHoliday,false
18731,,tblHoliday,false
18732,,tblHoliday,false
18750,,tblHoliday,false
18751,,tblHoliday,false
18781,,tblHoliday,false
18913,,tblHoliday,false
18967,,tblHoliday,false
18971,,tblHoliday,false
18995,,tblHoliday,false
19088,,tblHoliday,false
19095,,tblHoliday,false
19097,,tblHoliday,false
19146,,tblHoliday,false
19201,,tblHoliday,false
19278,,tblHoliday,false
19331,,tblHoliday,false
19338,,tblHoliday,false
19359,,tblHoliday,false
19422,,tblHoliday,false
19453,,tblHoliday,false
19461,,tblHoliday,false
19481,,tblHoliday,false
19513,,tblHoliday,false
19566,,tblHoliday,false
19583,,tblHoliday,false
19653,,tblHoliday,false
19702,,tblHoliday,false
19779,,tblHoliday,false
19821,,tblHoliday,false
19825,,tblHoliday,false
19844,,tblHoliday,false
19849,,tblHoliday,false
19865,,tblHoliday,false
19877,,tblHoliday,false
20010,,tblHoliday,false
20019,,tblHoliday,false
20067,,tblHoliday,false
20088,,tblHoliday,false
11418,,tblHoliday,false
11425,,tblHoliday,false
11428,,tblHoliday,false
11547,,tblHoliday,false
11618,,tblHoliday,false
11688,,tblHoliday,false
11785,,tblHoliday,false
11834,,tblHoliday,false
11869,,tblHoliday,false
11983,,tblHoliday,false
12051,,tblHoliday,false
12052,,tblHoliday,false
12053,,tblHoliday,false
12149,,tblHoliday,false
12156,,tblHoliday,false
12157,,tblHoliday,false
12173,,tblHoliday,false
12177,,tblHoliday,false
12234,,tblHoliday,false
12247,,tblHoliday,false
12276,,tblHoliday,false
12348,,tblHoliday,false
12521,,tblHoliday,false
12522,,tblHoliday,false
12632,,tblHoliday,false
12642,,tblHoliday,false
12762,,tblHoliday,false
12786,,tblHoliday,false
12837,,tblHoliday,false
12879,,tblHoliday,false
12888,,tblHoliday,false
12905,,tblHoliday,false
12926,,tblHoliday,false
12965,,tblHoliday,false
13150,,tblHoliday,false
13251,,tblHoliday,false
13252,,tblHoliday,false
13269,,tblHoliday,false
13273,,tblHoliday,false
13280,,tblHoliday,false
13311,,tblHoliday,false
13312,,tblHoliday,false
13340,,tblHoliday,false
13411,,tblHoliday,false
13487,,tblHoliday,false
13514,,tblHoliday,false
13616,,tblHoliday,false
13634,,tblHoliday,false
13640,,tblHoliday,false
13809,,tblHoliday,false
13871,,tblHoliday,false
13879,,tblHoliday,false
14000,,tblHoliday,false
14218,,tblHoliday,false
14246,,tblHoliday,false
14432,,tblHoliday,false
14468,,tblHoliday,false
14540,,tblHoliday,false
14588,,tblHoliday,false
14609,,tblHoliday,false
14669,,tblHoliday,false
14705,,tblHoliday,false
14712,,tblHoliday,false
14713,,tblHoliday,false
14734,,tblHoliday,false
14757,,tblHoliday,false
14816,,tblHoliday,false
14833,,tblHoliday,false
14834,,tblHoliday,false
14907,,tblHoliday,false
14949,,tblHoliday,false
15023,,tblHoliday,false
15077,,tblHoliday,false
15078,,tblHoliday,false
15099,,tblHoliday,false
15111,,tblHoliday,false
15313,,tblHoliday,false
15341,,tblHoliday,false
15446,,tblHoliday,false
15461,,tblHoliday,false
15495,,tblHoliday,false
15803,,tblHoliday,false
15810,,tblHoliday,false
15811,,tblHoliday,false
15849,,tblHoliday,false
15887,,tblHoliday,false
15908,,tblHoliday,false
16001,,tblHoliday,false
16070,,tblHoliday,false
16175,,tblHoliday,false
16203,,tblHoliday,false
16252,,tblHoliday,false
16262,,tblHoliday,false
16366,,tblHoliday,false
16414,,tblHoliday,false
16436,,tblHoliday,false
16498,,tblHoliday,false
16531,,tblHoliday,false
16556,,tblHoliday,false
16559,,tblHoliday,false
16560,,tblHoliday,false
16587,,tblHoliday,false
16731,,tblHoliday,false
16776,,tblHoliday,false
16779,,tblHoliday,false
16800,,tblHoliday,false
16801,,tblHoliday,false
16853,,tblHoliday,false
16897,,tblHoliday,false
16905,,tblHoliday,false
16923,,tblHoliday,false
16927,,tblHoliday,false
16941,,tblHoliday,false
17001,,tblHoliday,false
17025,,tblHoliday,false
17098,,tblHoliday,false
17140,,tblHoliday,false
17147,,tblHoliday,false
17168,,tblHoliday,false
17169,,tblHoliday,false
17262,,tblHoliday,false
17269,,tblHoliday,false
17270,,tblHoliday,false
17296,,tblHoliday,false
17392,,tblHoliday,false
17465,,tblHoliday,false
17511,,tblHoliday,false
17532,,tblHoliday,false
17533,,tblHoliday,false
17627,,tblHoliday,false
17634,,tblHoliday,false
17637,,tblHoliday,false
17652,,tblHoliday,false
17739,,tblHoliday,false
17819,,tblHoliday,false
17827,,tblHoliday,false
17875,,tblHoliday,false
17896,,tblHoliday,false
17946,,tblHoliday,false
18001,,tblHoliday,false
18002,,tblHoliday,false
18022,,tblHoliday,false
18036,,tblHoliday,false
18106,,tblHoliday,false
18120,,tblHoliday,false
18240,,tblHoliday,false
18302,,tblHoliday,false
18386,,tblHoliday,false
18416,,tblHoliday,false
18548,,tblHoliday,false
18558,,tblHoliday,false
18606,,tblHoliday,false
18607,,tblHoliday,false
18670,,tblHoliday,false
18684,,tblHoliday,false
18773,,tblHoliday,false
18834,,tblHoliday,false
18836,,tblHoliday,false
18851,,tblHoliday,false
18894,,tblHoliday,false
18922,,tblHoliday,false
18992,,tblHoliday,false
19039,,tblHoliday,false
19096,,tblHoliday,false
19114,,tblHoliday,false
19116,,tblHoliday,false
19128,,tblHoliday,false
19186,,tblHoliday,false
19202,,tblHoliday,false
19216,,tblHoliday,false
19279,,tblHoliday,false
19289,,tblHoliday,false
19460,,tblHoliday,false
19478,,tblHoliday,false
19482,,tblHoliday,false
19570,,tblHoliday,false
19643,,tblHoliday,false
19696,,tblHoliday,false
19720,,tblHoliday,false
19723,,tblHoliday,false
19828,,tblHoliday,false
19829,,tblHoliday,false
19926,,tblHoliday,false
19933,,tblHoliday,false
19947,,tblHoliday,false
20062,,tblHoliday,false
